Time,X,Y,Z,Psi,Vx_B,Vy_B,Vz_B,Ref_X,Ref_Y,Ref_Z,Ref_Psi,Ux,Uy,Uz,Upsi,Err_Int_X,Err_Int_Y,Err_Int_Z,Err_Int_Psi,CalcTime
0,0,0,1,0,0,0,0,0,0,1,0,0,0,0.545,0,0,0,0,0,0.0044505
0.02,0,0,1,0,0,0,0,0,0,1,0,0,0,0.545,0,0,0,0,0,0.0001986
0.04,0,0,1,0,0,0,0,0,0,1,0,0,0,0.545,0,0,0,0,0,2.34e-05
0.06,0,0,1,0,0,0,0,0,0,1,0,0,0,0.545,0,0,0,0,0,1.05e-05
0.08,0,0,1,0,0,0,0,0,0,1,0,0,0,0.545,0,0,0,0,0,7.1e-06
0.1,0,0,1,0,0,0,0,0,0,1,0,0,0,0.545,0,0,0,0,0,6.2e-06
0.12,0,0,1,0,0,0,0,0,0,1,0,0,0,0.545,0,0,0,0,0,9.1e-06
0.14,0,0,1,0,0,0,0,0,0,1,0,0,0,0.545,0,0,0,0,0,1.07e-05
0.16,0,0,1,0,0,0,0,0,0,1,0,0,0,0.545,0,0,0,0,0,7.3e-06
0.18,0,0,1,0,0,0,0,0,0,1,0,0,0,0.545,0,0,0,0,0,5.4e-06
0.2,0,0,1,0,0,0,0,0,0,1,0,0,0,0.545,0,0,0,0,0,5.1e-06
0.22,0,0,1,0,0,0,0,0,0,1,0,0,0,0.545,0,0,0,0,0,4.6e-06
0.24,0,0,1,0,0,0,0,0,0,1,0,0,0,0.545,0,0,0,0,0,4.5e-06
0.26,0,0,1,0,0,0,0,0,0,1,0,0,0,0.545,0,0,0,0,0,4.5e-06
0.28,0,0,1,0,0,0,0,0,0,1,0,0,0,0.545,0,0,0,0,0,4.6e-06
0.3,0,0,1,0,0,0,0,0,0,1,0,0,0,0.545,0,0,0,0,0,4.4e-06
0.32,0,0,1,0,0,0,0,0,0,1,0,0,0,0.545,0,0,0,0,0,4.6e-06
0.34,0,0,1,0,0,0,0,0,0,1,0,0,0,0.545,0,0,0,0,0,8.1e-06
0.36,0,0,1,0,0,0,0,0,0,1,0,0,0,0.545,0,0,0,0,0,7.2e-06
0.38,0,0,1,0,0,0,0,0,0,1,0,0,0,0.545,0,0,0,0,0,6.3e-06
0.4,0,0,1,0,0,0,0,0,0,1,0,0,0,0.545,0,0,0,0,0,1.81e-05
0.42,0,0,1,0,0,0,0,0,0,1,0,0,0,0.545,0,0,0,0,0,7.4e-06
0.44,0,0,1,0,0,0,0,0,0,1,0,0,0,0.545,0,0,0,0,0,5.8e-06
0.46,0,0,1,0,0,0,0,0,0,1,0,0,0,0.545,0,0,0,0,0,5.3e-06
0.48,0,0,1,0,0,0,0,0,0,1,0,0,0,0.545,0,0,0,0,0,5e-06
0.5,0,0,1,0,0,0,0,0,0,1,0,0,0,0.545,0,0,0,0,0,5e-06
0.52,0,0,1,0,0,0,0,0,0,1,0,0,0,0.545,0,0,0,0,0,5.9e-06
0.54,0,0,1,0,0,0,0,0,0,1,0,0,0,0.545,0,0,0,0,0,5.6e-06
0.56,0,0,1,0,0,0,0,0,0,1,0,0,0,0.545,0,0,0,0,0,5.3e-06
0.58,0,0,1,0,0,0,0,0,0,1,0,0,0,0.545,0,0,0,0,0,4.8e-06
0.6,0,0,1,0,0,0,0,0,0,1,0,0,0,0.545,0,0,0,0,0,6.7e-06
0.62,0,0,1,0,0,0,0,0,0,1,0,0,0,0.545,0,0,0,0,0,5.4e-06
0.64,0,0,1,0,0,0,0,0,0,1,0,0,0,0.545,0,0,0,0,0,7.6e-06
0.66,0,0,1,0,0,0,0,0,0,1,0,0,0,0.545,0,0,0,0,0,6.2e-06
0.68,0,0,1,0,0,0,0,0,0,1,0,0,0,0.545,0,0,0,0,0,5.3e-06
0.7,0,0,1,0,0,0,0,0,0,1,0,0,0,0.545,0,0,0,0,0,5.4e-06
0.72,0,0,1,0,0,0,0,0,0,1,0,0,0,0.545,0,0,0,0,0,5.3e-06
0.74,0,0,1,0,0,0,0,0,0,1,0,0,0,0.545,0,0,0,0,0,6.4e-06
0.76,0,0,1,0,0,0,0,0,0,1,0,0,0,0.545,0,0,0,0,0,5.2e-06
0.78,0,0,1,0,0,0,0,0,0,1,0,0,0,0.545,0,0,0,0,0,5.4e-06
0.8,0,0,1,0,0,0,0,0,0,1,0,0,0,0.545,0,0,0,0,0,9.2e-06
0.82,0,0,1,0,0,0,0,0,0,1,0,0,0,0.545,0,0,0,0,0,7.2e-06
0.84,0,0,1,0,0,0,0,0,0,1,0,0,0,0.545,0,0,0,0,0,5.6e-06
0.86,0,0,1,0,0,0,0,0,0,1,0,0,0,0.545,0,0,0,0,0,5.5e-06
0.88,0,0,1,0,0,0,0,0,0,1,0,0,0,0.545,0,0,0,0,0,6.2e-06
0.9,0,0,1,0,0,0,0,0,0,1,0,0,0,0.545,0,0,0,0,0,5.5e-06
0.92,0,0,1,0,0,0,0,0,0,1,0,0,0,0.545,0,0,0,0,0,1.88e-05
0.94,0,0,1,0,0,0,0,0,0,1,0,0,0,0.545,0,0,0,0,0,6.8e-06
0.96,0,0,1,0,0,0,0,0,0,1,0,0,0,0.545,0,0,0,0,0,6e-06
0.98,0,0,1,0,0,0,0,0,0,1,0,0,0,0.545,0,0,0,0,0,5.2e-06
1,0,0,1,0,0,0,0,0,0,1,0,0,0,0.545,0,0,0,0,0,1.41e-05
1.02,0,0,1,0,0,0,0,0,0,1,0,0,0,0.545,0,0,0,0,0,8.2e-06
1.04,0,0,1,0,0,0,0,0,0,1,0,0,0,0.545,0,0,0,0,0,5.9e-06
1.06,0,0,1,0,0,0,0,0,0,1,0,0,0,0.545,0,0,0,0,0,7.5e-06
1.08,0,0,1,0,0,0,0,0,0,1,0,0,0,0.545,0,0,0,0,0,5.6e-06
1.1,0,0,1,0,0,0,0,0,0,1,0,0,0,0.545,0,0,0,0,0,5.4e-06
1.12,0,0,1,0,0,0,0,0,0,1,0,0,0,0.545,0,0,0,0,0,5.3e-06
1.14,0,0,1,0,0,0,0,0,0,1,0,0,0,0.545,0,0,0,0,0,4.8e-06
1.16,0,0,1,0,0,0,0,0,0,1,0,0,0,0.545,0,0,0,0,0,4.9e-06
1.18,0,0,1,0,0,0,0,0,0,1,0,0,0,0.545,0,0,0,0,0,5.1e-06
1.2,0,0,1,0,0,0,0,0,0,1,0,0,0,0.545,0,0,0,0,0,7e-06
1.22,0,0,1,0,0,0,0,0,0,1,0,0,0,0.545,0,0,0,0,0,5.5e-06
1.24,0,0,1,0,0,0,0,0,0,1,0,0,0,0.545,0,0,0,0,0,5.3e-06
1.26,0,0,1,0,0,0,0,0,0,1,0,0,0,0.545,0,0,0,0,0,5e-06
1.28,0,0,1,0,0,0,0,0,0,1,0,0,0,0.545,0,0,0,0,0,5.6e-06
1.3,0,0,1,0,0,0,0,0,0,1,0,0,0,0.545,0,0,0,0,0,5.5e-06
1.32,0,0,1,0,0,0,0,0,0,1,0,0,0,0.545,0,0,0,0,0,1.39e-05
1.34,0,0,1,0,0,0,0,0,0,1,0,0,0,0.545,0,0,0,0,0,1.11e-05
1.36,0,0,1,0,0,0,0,0,0,1,0,0,0,0.545,0,0,0,0,0,6.6e-06
1.38,0,0,1,0,0,0,0,0,0,1,0,0,0,0.545,0,0,0,0,0,5.6e-06
1.4,0,0,1,0,0,0,0,0,0,1,0,0,0,0.545,0,0,0,0,0,5.1e-06
1.42,0,0,1,0,0,0,0,0,0,1,0,0,0,0.545,0,0,0,0,0,4.7e-06
1.44,0,0,1,0,0,0,0,0,0,1,0,0,0,0.545,0,0,0,0,0,4.6e-06
1.46,0,0,1,0,0,0,0,0,0,1,0,0,0,0.545,0,0,0,0,0,4.6e-06
1.48,0,0,1,0,0,0,0,0,0,1,0,0,0,0.545,0,0,0,0,0,8.7e-06
1.5,0,0,1,0,0,0,0,0,0,1,0,0,0,0.545,0,0,0,0,0,6.1e-06
1.52,0,0,1,0,0,0,0,0,0,1,0,0,0,0.545,0,0,0,0,0,5.4e-06
1.54,0,0,1,0,0,0,0,0,0,1,0,0,0,0.545,0,0,0,0,0,5.1e-06
1.56,0,0,1,0,0,0,0,0,0,1,0,0,0,0.545,0,0,0,0,0,5.1e-06
1.58,0,0,1,0,0,0,0,0,0,1,0,0,0,0.545,0,0,0,0,0,5.1e-06
1.6,0,0,1,0,0,0,0,0,0,1,0,0,0,0.545,0,0,0,0,0,5.3e-06
1.62,0,0,1,0,0,0,0,0,0,1,0,0,0,0.545,0,0,0,0,0,5.6e-06
1.64,0,0,1,0,0,0,0,0,0,1,0,0,0,0.545,0,0,0,0,0,5.3e-06
1.66,0,0,1,0,0,0,0,0,0,1,0,0,0,0.545,0,0,0,0,0,5e-06
1.68,0,0,1,0,0,0,0,0,0,1,0,0,0,0.545,0,0,0,0,0,5.6e-06
1.7,0,0,1,0,0,0,0,0,0,1,0,0,0,0.545,0,0,0,0,0,5e-06
1.72,0,0,1,0,0,0,0,0,0,1,0,0,0,0.545,0,0,0,0,0,1.53e-05
1.74,0,0,1,0,0,0,0,0,0,1,0,0,0,0.545,0,0,0,0,0,1.45e-05
1.76,0,0,1,0,0,0,0,0,0,1,0,0,0,0.545,0,0,0,0,0,8e-06
1.78,0,0,1,0,0,0,0,0,0,1,0,0,0,0.545,0,0,0,0,0,5.5e-06
1.8,0,0,1,0,0,0,0,0,0,1,0,0,0,0.545,0,0,0,0,0,5e-06
1.82,0,0,1,0,0,0,0,0,0,1,0,0,0,0.545,0,0,0,0,0,4.7e-06
1.84,0,0,1,0,0,0,0,0,0,1,0,0,0,0.545,0,0,0,0,0,4.7e-06
1.86,0,0,1,0,0,0,0,0,0,1,0,0,0,0.545,0,0,0,0,0,4.6e-06
1.88,0,0,1,0,0,0,0,0,0,1,0,0,0,0.545,0,0,0,0,0,4.8e-06
1.9,0,0,1,0,0,0,0,0,0,1,0,0,0,0.545,0,0,0,0,0,4.8e-06
1.92,0,0,1,0,0,0,0,0,0,1,0,0,0,0.545,0,0,0,0,0,5e-06
1.94,0,0,1,0,0,0,0,0,0,1,0,0,0,0.545,0,0,0,0,0,4.9e-06
1.96,0,0,1,0,0,0,0,0,0,1,0,0,0,0.545,0,0,0,0,0,6.8e-06
1.98,0,0,1,0,0,0,0,0,0,1,0,0,0,0.545,0,0,0,0,0,5.1e-06
2,0,0,1,0,0,0,0,0,0,1,0,0,0,0.545,0,0,0,0,0,4.7e-06
2.02,0,0,1,0,0,0,0,0,0,1,0,0,0,0.545,0,0,0,0,0,4.8e-06
2.04,0,0,1,0,0,0,0,0,0,1,0,0,0,0.545,0,0,0,0,0,4.9e-06
2.06,0,0,1,0,0,0,0,0,0,1,0,0,0,0.545,0,0,0,0,0,4.7e-06
2.08,0,0,1,0,0,0,0,0,0,1,0,0,0,0.545,0,0,0,0,0,4.5e-06
2.1,0,0,1,0,0,0,0,0,0,1,0,0,0,0.545,0,0,0,0,0,8.8e-06
2.12,0,0,1,0,0,0,0,0,0,1,0,0,0,0.545,0,0,0,0,0,9.1e-06
2.14,0,0,1,0,0,0,0,0,0,1,0,0,0,0.545,0,0,0,0,0,5.8e-06
2.16,0,0,1,0,0,0,0,0,0,1,0,0,0,0.545,0,0,0,0,0,7.8e-06
2.18,0,0,1,0,0,0,0,0,0,1,0,0,0,0.545,0,0,0,0,0,1.88e-05
2.2,0,0,1,0,0,0,0,0,0,1,0,0,0,0.545,0,0,0,0,0,7.7e-06
2.22,0,0,1,0,0,0,0,0,0,1,0,0,0,0.545,0,0,0,0,0,5.6e-06
2.24,0,0,1,0,0,0,0,0,0,1,0,0,0,0.545,0,0,0,0,0,1.01e-05
2.26,0,0,1,0,0,0,0,0,0,1,0,0,0,0.545,0,0,0,0,0,6.3e-06
2.28,0,0,1,0,0,0,0,0,0,1,0,0,0,0.545,0,0,0,0,0,4.8e-06
2.3,0,0,1,0,0,0,0,0,0,1,0,0,0,0.545,0,0,0,0,0,1.75e-05
2.32,0,0,1,0,0,0,0,0,0,1,0,0,0,0.545,0,0,0,0,0,9.5e-06
2.34,0,0,1,0,0,0,0,0,0,1,0,0,0,0.545,0,0,0,0,0,6.4e-06
2.36,0,0,1,0,0,0,0,0,0,1,0,0,0,0.545,0,0,0,0,0,5.7e-06
2.38,0,0,1,0,0,0,0,0,0,1,0,0,0,0.545,0,0,0,0,0,5.5e-06
2.4,0,0,1,0,0,0,0,0,0,1,0,0,0,0.545,0,0,0,0,0,5.2e-06
2.42,0,0,1,0,0,0,0,0,0,1,0,0,0,0.545,0,0,0,0,0,4.8e-06
2.44,0,0,1,0,0,0,0,0,0,1,0,0,0,0.545,0,0,0,0,0,5e-06
2.46,0,0,1,0,0,0,0,0,0,1,0,0,0,0.545,0,0,0,0,0,4.9e-06
2.48,0,0,1,0,0,0,0,0,0,1,0,0,0,0.545,0,0,0,0,0,5.1e-06
2.5,0,0,1,0,0,0,0,0,0,1,0,0,0,0.545,0,0,0,0,0,1.44e-05
2.52,0,0,1,0,0,0,0,0,0,1,0,0,0,0.545,0,0,0,0,0,8.7e-06
2.54,0,0,1,0,0,0,0,0,0,1,0,0,0,0.545,0,0,0,0,0,6.5e-06
2.56,0,0,1,0,0,0,0,0,0,1,0,0,0,0.545,0,0,0,0,0,5.9e-06
2.58,0,0,1,0,0,0,0,0,0,1,0,0,0,0.545,0,0,0,0,0,6e-06
2.6,0,0,1,0,0,0,0,0,0,1,0,0,0,0.545,0,0,0,0,0,5.4e-06
2.62,0,0,1,0,0,0,0,0,0,1,0,0,0,0.545,0,0,0,0,0,1.42e-05
2.64,0,0,1,0,0,0,0,0,0,1,0,0,0,0.545,0,0,0,0,0,9.5e-06
2.66,0,0,1,0,0,0,0,0,0,1,0,0,0,0.545,0,0,0,0,0,5.9e-06
2.68,0,0,1,0,0,0,0,0,0,1,0,0,0,0.545,0,0,0,0,0,5.1e-06
2.7,0,0,1,0,0,0,0,0,0,1,0,0,0,0.545,0,0,0,0,0,5.4e-06
2.72,0,0,1,0,0,0,0,0,0,1,0,0,0,0.545,0,0,0,0,0,5.1e-06
2.74,0,0,1,0,0,0,0,0,0,1,0,0,0,0.545,0,0,0,0,0,4.9e-06
2.76,0,0,1,0,0,0,0,0,0,1,0,0,0,0.545,0,0,0,0,0,5.1e-06
2.78,0,0,1,0,0,0,0,0,0,1,0,0,0,0.545,0,0,0,0,0,7.6e-06
2.8,0,0,1,0,0,0,0,0,0,1,0,0,0,0.545,0,0,0,0,0,5.9e-06
2.82,0,0,1,0,0,0,0,0,0,1,0,0,0,0.545,0,0,0,0,0,7.1e-06
2.84,0,0,1,0,0,0,0,0,0,1,0,0,0,0.545,0,0,0,0,0,5.3e-06
2.86,0,0,1,0,0,0,0,0,0,1,0,0,0,0.545,0,0,0,0,0,5.1e-06
2.88,0,0,1,0,0,0,0,0,0,1,0,0,0,0.545,0,0,0,0,0,4.6e-06
2.9,0,0,1,0,0,0,0,0,0,1,0,0,0,0.545,0,0,0,0,0,5.1e-06
2.92,0,0,1,0,0,0,0,0,0,1,0,0,0,0.545,0,0,0,0,0,4.6e-06
2.94,0,0,1,0,0,0,0,0,0,1,0,0,0,0.545,0,0,0,0,0,4.4e-06
2.96,0,0,1,0,0,0,0,0,0,1,0,0,0,0.545,0,0,0,0,0,4.4e-06
2.98,0,0,1,0,0,0,0,0,0,1,0,0,0,0.545,0,0,0,0,0,4.9e-06
3,0,0,1,0,0,0,0,0,0,1,0,0,0,0.545,0,0,0,0,0,4.5e-06
3.02,0,0,1,0,0,0,0,0,0,1,0,0,0,0.545,0,0,0,0,0,4.9e-06
3.04,0,0,1,0,0,0,0,0,0,1,0,0,0,0.545,0,0,0,0,0,5.2e-06
3.06,0,0,1,0,0,0,0,0,0,1,0,0,0,0.545,0,0,0,0,0,5.3e-06
3.08,0,0,1,0,0,0,0,0,0,1,0,0,0,0.545,0,0,0,0,0,7.3e-06
3.1,0,0,1,0,0,0,0,0,0,1,0,0,0,0.545,0,0,0,0,0,6e-06
3.12,0,0,1,0,0,0,0,0,0,1,0,0,0,0.545,0,0,0,0,0,5.2e-06
3.14,0,0,1,0,0,0,0,0,0,1,0,0,0,0.545,0,0,0,0,0,4.6e-06
3.16,0,0,1,0,0,0,0,0,0,1,0,0,0,0.545,0,0,0,0,0,4.9e-06
3.18,0,0,1,0,0,0,0,0,0,1,0,0,0,0.545,0,0,0,0,0,4.4e-06
3.2,0,0,1,0,0,0,0,0,0,1,0,0,0,0.545,0,0,0,0,0,4.5e-06
3.22,0,0,1,0,0,0,0,0,0,1,0,0,0,0.545,0,0,0,0,0,5.2e-06
3.24,0,0,1,0,0,0,0,0,0,1,0,0,0,0.545,0,0,0,0,0,6e-06
3.26,0,0,1,0,0,0,0,0,0,1,0,0,0,0.545,0,0,0,0,0,6e-06
3.28,0,0,1,0,0,0,0,0,0,1,0,0,0,0.545,0,0,0,0,0,5.4e-06
3.3,0,0,1,0,0,0,0,0,0,1,0,0,0,0.545,0,0,0,0,0,5e-06
3.32,0,0,1,0,0,0,0,0,0,1,0,0,0,0.545,0,0,0,0,0,6.5e-06
3.34,0,0,1,0,0,0,0,0,0,1,0,0,0,0.545,0,0,0,0,0,5.6e-06
3.36,0,0,1,0,0,0,0,0,0,1,0,0,0,0.545,0,0,0,0,0,5.6e-06
3.38,0,0,1,0,0,0,0,0,0,1,0,0,0,0.545,0,0,0,0,0,5.4e-06
3.4,0,0,1,0,0,0,0,0,0,1,0,0,0,0.545,0,0,0,0,0,5.5e-06
3.42,0,0,1,0,0,0,0,0,0,1,0,0,0,0.545,0,0,0,0,0,5.9e-06
3.44,0,0,1,0,0,0,0,0,0,1,0,0,0,0.545,0,0,0,0,0,1.98e-05
3.46,0,0,1,0,0,0,0,0,0,1,0,0,0,0.545,0,0,0,0,0,5.8e-06
3.48,0,0,1,0,0,0,0,0,0,1,0,0,0,0.545,0,0,0,0,0,9e-06
3.5,0,0,1,0,0,0,0,0,0,1,0,0,0,0.545,0,0,0,0,0,6.2e-06
3.52,0,0,1,0,0,0,0,0,0,1,0,0,0,0.545,0,0,0,0,0,5.5e-06
3.54,0,0,1,0,0,0,0,0,0,1,0,0,0,0.545,0,0,0,0,0,5.3e-06
3.56,0,0,1,0,0,0,0,0,0,1,0,0,0,0.545,0,0,0,0,0,2.24e-05
3.58,0,0,1,0,0,0,0,0,0,1,0,0,0,0.545,0,0,0,0,0,1.5e-05
3.6,0,0,1,0,0,0,0,0,0,1,0,0,0,0.545,0,0,0,0,0,1.48e-05
3.62,0,0,1,0,0,0,0,0,0,1,0,0,0,0.545,0,0,0,0,0,1.38e-05
3.64,0,0,1,0,0,0,0,0,0,1,0,0,0,0.545,0,0,0,0,0,2.05e-05
3.66,0,0,1,0,0,0,0,0,0,1,0,0,0,0.545,0,0,0,0,0,2.54e-05
3.68,0,0,1,0,0,0,0,0,0,1,0,0,0,0.545,0,0,0,0,0,1.26e-05
3.7,0,0,1,0,0,0,0,0,0,1,0,0,0,0.545,0,0,0,0,0,1.12e-05
3.72,0,0,1,0,0,0,0,0,0,1,0,0,0,0.545,0,0,0,0,0,1.1e-05
3.74,0,0,1,0,0,0,0,0,0,1,0,0,0,0.545,0,0,0,0,0,1.11e-05
3.76,0,0,1,0,0,0,0,0,0,1,0,0,0,0.545,0,0,0,0,0,1.32e-05
3.78,0,0,1,0,0,0,0,0,0,1,0,0,0,0.545,0,0,0,0,0,1.27e-05
3.8,0,0,1,0,0,0,0,0,0,1,0,0,0,0.545,0,0,0,0,0,1.39e-05
3.82,0,0,1,0,0,0,0,0,0,1,0,0,0,0.545,0,0,0,0,0,1.39e-05
3.84,0,0,1,0,0,0,0,0,0,1,0,0,0,0.545,0,0,0,0,0,1.37e-05
3.86,0,0,1,0,0,0,0,0,0,1,0,0,0,0.545,0,0,0,0,0,1.44e-05
3.88,0,0,1,0,0,0,0,0,0,1,0,0,0,0.545,0,0,0,0,0,1.5e-05
3.9,0,0,1,0,0,0,0,0,0,1,0,0,0,0.545,0,0,0,0,0,1.29e-05
3.92,0,0,1,0,0,0,0,0,0,1,0,0,0,0.545,0,0,0,0,0,9e-06
3.94,0,0,1,0,0,0,0,0,0,1,0,0,0,0.545,0,0,0,0,0,9.1e-06
3.96,0,0,1,0,0,0,0,0,0,1,0,0,0,0.545,0,0,0,0,0,7.8e-06
3.98,0,0,1,0,0,0,0,0,0,1,0,0,0,0.545,0,0,0,0,0,6e-06
4,0,0,1,0,0,0,0,0,0,1,0,0,0,0.545,0,0,0,0,0,1.73e-05
4.02,0,0,1,0,0,0,0,0,0,1,0,0,0,0.545,0,0,0,0,0,1.46e-05
4.04,0,0,1,0,0,0,0,0,0,1,0,0,0,0.545,0,0,0,0,0,4.8e-06
4.06,0,0,1,0,0,0,0,0,0,1,0,0,0,0.545,0,0,0,0,0,5.5e-06
4.08,0,0,1,0,0,0,0,0,0,1,0,0,0,0.545,0,0,0,0,0,4.7e-06
4.1,0,0,1,0,0,0,0,0,0,1,0,0,0,0.545,0,0,0,0,0,4.7e-06
4.12,0,0,1,0,0,0,0,0,0,1,0,0,0,0.545,0,0,0,0,0,7.1e-06
4.14,0,0,1,0,0,0,0,0,0,1,0,0,0,0.545,0,0,0,0,0,5.8e-06
4.16,0,0,1,0,0,0,0,0,0,1,0,0,0,0.545,0,0,0,0,0,5.4e-06
4.18,0,0,1,0,0,0,0,0,0,1,0,0,0,0.545,0,0,0,0,0,5.2e-06
4.2,0,0,1,0,0,0,0,0,0,1,0,0,0,0.545,0,0,0,0,0,6.3e-06
4.22,0,0,1,0,0,0,0,0,0,1,0,0,0,0.545,0,0,0,0,0,4.9e-06
4.24,0,0,1,0,0,0,0,0,0,1,0,0,0,0.545,0,0,0,0,0,5.2e-06
4.26,0,0,1,0,0,0,0,0,0,1,0,0,0,0.545,0,0,0,0,0,4.9e-06
4.28,0,0,1,0,0,0,0,0,0,1,0,0,0,0.545,0,0,0,0,0,5e-06
4.3,0,0,1,0,0,0,0,0,0,1,0,0,0,0.545,0,0,0,0,0,4.8e-06
4.32,0,0,1,0,0,0,0,0,0,1,0,0,0,0.545,0,0,0,0,0,4.9e-06
4.34,0,0,1,0,0,0,0,0,0,1,0,0,0,0.545,0,0,0,0,0,5.1e-06
4.36,0,0,1,0,0,0,0,0,0,1,0,0,0,0.545,0,0,0,0,0,1.32e-05
4.38,0,0,1,0,0,0,0,0,0,1,0,0,0,0.545,0,0,0,0,0,8e-06
4.4,0,0,1,0,0,0,0,0,0,1,0,0,0,0.545,0,0,0,0,0,5.6e-06
4.42,0,0,1,0,0,0,0,0,0,1,0,0,0,0.545,0,0,0,0,0,5.4e-06
4.44,0,0,1,0,0,0,0,0,0,1,0,0,0,0.545,0,0,0,0,0,5.6e-06
4.46,0,0,1,0,0,0,0,0,0,1,0,0,0,0.545,0,0,0,0,0,5.4e-06
4.48,0,0,1,0,0,0,0,0,0,1,0,0,0,0.545,0,0,0,0,0,5.4e-06
4.5,0,0,1,0,0,0,0,0,0,1,0,0,0,0.545,0,0,0,0,0,5.2e-06
4.52,0,0,1,0,0,0,0,0,0,1,0,0,0,0.545,0,0,0,0,0,5.3e-06
4.54,0,0,1,0,0,0,0,0,0,1,0,0,0,0.545,0,0,0,0,0,5.1e-06
4.56,0,0,1,0,0,0,0,0,0,1,0,0,0,0.545,0,0,0,0,0,5.1e-06
4.58,0,0,1,0,0,0,0,0,0,1,0,0,0,0.545,0,0,0,0,0,5.1e-06
4.6,0,0,1,0,0,0,0,0,0,1,0,0,0,0.545,0,0,0,0,0,7.1e-06
4.62,0,0,1,0,0,0,0,0,0,1,0,0,0,0.545,0,0,0,0,0,6.2e-06
4.64,0,0,1,0,0,0,0,0,0,1,0,0,0,0.545,0,0,0,0,0,7.1e-06
4.66,0,0,1,0,0,0,0,0,0,1,0,0,0,0.545,0,0,0,0,0,6e-06
4.68,0,0,1,0,0,0,0,0,0,1,0,0,0,0.545,0,0,0,0,0,5.4e-06
4.7,0,0,1,0,0,0,0,0,0,1,0,0,0,0.545,0,0,0,0,0,5.1e-06
4.72,0,0,1,0,0,0,0,0,0,1,0,0,0,0.545,0,0,0,0,0,7.1e-06
4.74,0,0,1,0,0,0,0,0,0,1,0,0,0,0.545,0,0,0,0,0,7.6e-06
4.76,0,0,1,0,0,0,0,0,0,1,0,0,0,0.545,0,0,0,0,0,8.2e-06
4.78,0,0,1,0,0,0,0,0,0,1,0,0,0,0.545,0,0,0,0,0,6.7e-06
4.8,0,0,1,0,0,0,0,0,0,1,0,0,0,0.545,0,0,0,0,0,7.7e-06
4.82,0,0,1,0,0,0,0,0,0,1,0,0,0,0.545,0,0,0,0,0,5.8e-06
4.84,0,0,1,0,0,0,0,0,0,1,0,0,0,0.545,0,0,0,0,0,5.2e-06
4.86,0,0,1,0,0,0,0,0,0,1,0,0,0,0.545,0,0,0,0,0,5.1e-06
4.88,0,0,1,0,0,0,0,0,0,1,0,0,0,0.545,0,0,0,0,0,4.8e-06
4.9,0,0,1,0,0,0,0,0,0,1,0,0,0,0.545,0,0,0,0,0,5e-06
4.92,0,0,1,0,0,0,0,0,0,1,0,0,0,0.545,0,0,0,0,0,5.2e-06
4.94,0,0,1,0,0,0,0,0,0,1,0,0,0,0.545,0,0,0,0,0,4.9e-06
4.96,0,0,1,0,0,0,0,0,0,1,0,0,0,0.545,0,0,0,0,0,4.8e-06
4.98,0,0,1,0,0,0,0,0,0,1,0,0,0,0.545,0,0,0,0,0,5.1e-06
5,0,0,1,0,0,0,0,0,0,1,0,0,0,0.545,0,0,0,0,0,4.9e-06
